respondent_id,h1n1_vaccine
4757,1
4758,0
4759,1
4760,0
4761,0
4762,1
4763,0
4764,1
4765,1
4766,0
4767,0
4768,1
4769,1
4770,0
4771,0
4772,0
4773,0
4774,0
4775,0
4776,0
4777,0
4778,0
4779,0
4780,1
4781,1
4782,1
4783,1
4784,0
4785,0
4786,1
4787,0
4788,0
4789,0
4790,1
4791,0
4792,0
4793,1
4794,0
4795,0
4796,0
4797,0
4798,1
4799,0
4800,1
4801,1
4802,1
4803,0
4804,0
4805,0
4806,1
4807,0
4808,0
4809,1
4810,0
4811,1
4812,1
4813,0
4814,1
4815,0
4816,0
4817,1
4818,0
4819,1
4820,0
4821,0
4822,0
4823,0
4824,1
4825,1
4826,1
4827,0
4828,0
4829,1
4830,0
4831,0
4832,1
4833,1
4834,1
4835,0
4836,0
4837,0
4838,0
4839,0
4840,1
4841,1
4842,0
4843,1
4844,0
4845,1
4846,1
4847,1
4848,0
4849,1
4850,0
4851,1
4852,1
4853,1
4854,0
4855,0
4856,1
4857,1
4858,1
4859,1
4860,1
4861,1
4862,1
4863,0
4864,0
4865,1
4866,1
4867,1
4868,0
4869,1
4870,0
4871,1
4872,1
4873,0
4874,0
4875,1
4876,0
4877,1
4878,1
4879,0
4880,1
4881,1
4882,0
4883,1
4884,1
4885,1
4886,1
4887,0
4888,0
4889,1
4890,1
4891,0
4892,0
4893,1
4894,1
4895,1
4896,0
4897,1
4898,0
4899,0
4900,1
4901,0
4902,1
4903,1
4904,1
4905,1
4906,1
4907,0
4908,1
4909,0
4910,0
4911,1
4912,1
4913,0
4914,1
4915,0
4916,1
4917,1
4918,0
4919,1
4920,0
4921,0
4922,0
4923,0
4924,0
4925,1
4926,0
4927,1
4928,1
4929,0
4930,0
4931,0
4932,0
4933,0
4934,0
4935,0
4936,0
4937,0
4938,1
4939,1
4940,1
4941,1
4942,0
4943,1
4944,0
4945,1
4946,0
4947,1
4948,0
4949,1
4950,1
4951,0
4952,0
4953,0
4954,1
4955,1
4956,1
4957,1
4958,1
4959,1
4960,1
4961,0
4962,0
4963,1
4964,1
4965,1
4966,1
4967,0
4968,1
4969,1
4970,1
4971,1
4972,0
4973,0
4974,0
4975,0
4976,0
4977,1
4978,0
4979,1
4980,0
4981,1
4982,1
4983,0
4984,0
4985,1
4986,1
4987,0
4988,0
4989,0
4990,0
4991,0
4992,1
4993,1
4994,0
4995,1
4996,1
4997,0
4998,0
4999,0
5000,0
5001,0
5002,1
5003,0
5004,0
5005,0
5006,0
5007,1
5008,0
5009,0
5010,0
5011,1
5012,0
5013,0
5014,0
5015,1
5016,1
5017,1
5018,0
5019,1
5020,1
5021,1
5022,0
5023,0
5024,1
5025,1
5026,0
5027,1
5028,1
5029,1
5030,1
5031,0
5032,1
5033,1
5034,0
5035,1
5036,0
5037,1
5038,0
5039,1
5040,0
5041,0
5042,1
5043,0
5044,0
5045,1
5046,0
5047,1
5048,0
5049,0
5050,1
5051,0
5052,1
5053,0
5054,1
5055,1
5056,0
5057,1
5058,0
5059,1
5060,0
5061,0
5062,0
5063,1
5064,0
5065,1
5066,1
5067,0
5068,1
5069,1
5070,0
5071,0
5072,0
5073,0
5074,1
5075,1
5076,1
5077,0
5078,0
5079,1
5080,0
5081,1
5082,1
5083,1
5084,0
5085,0
5086,0
5087,1
5088,1
5089,0
5090,0
5091,1
5092,0
5093,0
5094,0
5095,1
5096,1
5097,0
5098,1
5099,1
5100,1
5101,1
5102,1
5103,0
5104,1
5105,0
5106,1
5107,0
5108,0
5109,1
5110,1
5111,0
5112,0
5113,1
5114,1
5115,0
5116,0
5117,0
5118,0
5119,0
5120,0
5121,1
5122,1
5123,0
5124,0
5125,0
5126,0
5127,0
5128,1
5129,0
5130,1
5131,0
5132,1
5133,1
5134,0
5135,1
5136,1
5137,1
5138,0
5139,1
5140,1
5141,0
5142,0
5143,1
5144,1
5145,0
5146,0
5147,1
5148,1
5149,1
5150,0
5151,0
5152,0
5153,0
5154,1
5155,1
5156,1
5157,1
5158,1
5159,0
5160,1
5161,1
5162,1
5163,0
5164,0
5165,1
5166,1
5167,0
5168,0
5169,0
5170,1
5171,1
5172,1
5173,1
5174,1
5175,0
5176,0
5177,0
5178,0
5179,0
5180,0
5181,1
5182,1
5183,0
5184,1
5185,0
5186,1
5187,0
5188,0
5189,1
5190,1
5191,0
5192,1
5193,0
5194,1
5195,1
5196,0
5197,0
5198,0
5199,1
5200,0
5201,1
5202,0
5203,1
5204,0
5205,0
5206,1
5207,1
5208,1
5209,1
5210,1
5211,0
5212,0
5213,1
5214,0
5215,0
5216,0
5217,0
5218,0
5219,0
5220,0
5221,0
5222,1
5223,0
5224,0
5225,1
5226,1
5227,1
5228,0
5229,0
5230,1
5231,0
5232,1
5233,1
5234,1
5235,1
5236,1
5237,0
5238,1
5239,0
5240,1
5241,0
5242,0
5243,0
5244,1
5245,0
5246,0
5247,1
5248,1
5249,0
5250,1
5251,1
5252,0
5253,0
5254,0
5255,0
5256,0
5257,0
5258,0
5259,1
5260,1
5261,0
5262,0
5263,1
5264,0
5265,0
5266,1
5267,1
5268,0
5269,0
5270,1
5271,1
5272,1
5273,1
5274,0
5275,1
5276,0
5277,0
5278,0
5279,1
5280,1
5281,1
5282,1
5283,0
5284,1
5285,1
5286,1
5287,1
5288,1
5289,0
5290,1
5291,0
5292,0
5293,0
5294,1
5295,0
5296,1
5297,0
5298,0
5299,0
5300,1
5301,1
5302,1
5303,0
5304,1
5305,1
5306,0
5307,0
5308,0
5309,1
5310,1
5311,0
5312,0
5313,1
5314,0
5315,1
5316,1
5317,1
5318,1
5319,0
5320,1
5321,1
5322,1
5323,0
5324,1
5325,1
5326,0
5327,1
5328,1
5329,0
5330,0
5331,0
5332,1
5333,1
5334,1
5335,0
5336,0
5337,1
5338,0
5339,1
5340,0
5341,1
5342,1
5343,0
5344,1
5345,1
5346,0
5347,0
5348,1
5349,1
5350,0
5351,1
5352,0
5353,0
5354,1
5355,1
5356,1
5357,1
5358,0
5359,1
5360,1
5361,1
5362,1
5363,0
5364,1
5365,1
5366,0
5367,1
5368,0
5369,0
5370,1
5371,1
5372,1
5373,0
5374,0
5375,1
5376,0
5377,0
5378,1
5379,1
5380,1
5381,1
5382,1
5383,1
5384,1
5385,0
5386,1
5387,1
5388,0
5389,1
5390,1
5391,0
5392,1
5393,0
5394,1
5395,0
5396,1
5397,0
5398,0
5399,1
5400,1
5401,0
5402,1
5403,0
5404,0
5405,1
5406,0
5407,1
5408,0
5409,1
5410,0
5411,0
5412,0
5413,0
5414,1
5415,0
5416,0
5417,1
5418,0
5419,1
5420,0
5421,1
5422,0
5423,1
5424,0
5425,0
5426,1
5427,0
5428,1
5429,0
5430,1
5431,0
5432,1
5433,0
5434,1
5435,0
5436,1
5437,1
5438,0
5439,0
5440,1
5441,1
5442,0
5443,0
5444,0
5445,0
5446,0
5447,0
5448,0
5449,1
5450,0
5451,1
5452,0
5453,1
5454,0
5455,0
5456,0
5457,1
5458,0
5459,0
5460,0
5461,0
5462,1
5463,0
5464,0
5465,1
5466,1
5467,1
5468,0
5469,1
5470,1
5471,0
5472,0
5473,1
5474,0
5475,0
5476,1
5477,0
5478,1
5479,0
5480,1
5481,0
5482,1
5483,0
5484,0
5485,0
5486,0
5487,0
5488,1
5489,1
5490,1
5491,1
5492,0
5493,0
5494,0
5495,1
5496,1
5497,0
5498,0
5499,1
5500,1
5501,1
5502,1
5503,0
5504,0
5505,0
5506,0
5507,0
5508,0
5509,0
5510,1
5511,1
5512,1
5513,1
5514,1
5515,0
5516,0
5517,0
5518,0
5519,1
5520,0
5521,1
5522,1
5523,0
5524,0
5525,1
5526,0
5527,1
5528,1
5529,0
5530,0
5531,0
5532,0
5533,1
5534,1
5535,0
5536,1
5537,1
5538,0
5539,0
5540,0
5541,0
5542,1
5543,1
5544,0
5545,1
5546,0
5547,1
5548,0
5549,1
5550,0
5551,0
5552,1
5553,1
5554,1
5555,0
5556,1
5557,1
5558,0
5559,0
5560,0
5561,1
5562,0
5563,1
5564,1
5565,0
5566,0
5567,1
5568,0
5569,0
5570,0
5571,1
5572,1
5573,0
5574,0
5575,1
5576,1
5577,0
5578,0
5579,1
5580,1
5581,0
5582,0
5583,0
5584,0
5585,0
5586,0
5587,0
5588,1
5589,1
5590,0
5591,1
5592,0
5593,1
5594,1
5595,1
5596,0
5597,0
5598,1
5599,0
5600,0
5601,0
5602,1
5603,0
5604,1
5605,1
5606,1
5607,0
5608,0
5609,1
5610,1
5611,0
5612,0
5613,1
5614,1
5615,1
5616,0
5617,1
5618,1
5619,0
5620,0
5621,1
5622,1
5623,1
5624,0
5625,0
5626,0
5627,1
5628,1
5629,1
5630,1
5631,0
5632,1
5633,1
5634,0
5635,0
5636,1
5637,0
5638,0
5639,1
5640,1
5641,0
5642,0
5643,0
5644,0
5645,0
5646,0
5647,1
5648,1
5649,0
5650,1
5651,1
5652,0
5653,1
5654,0
5655,0
5656,1
5657,1
5658,1
5659,1
5660,1
5661,1
5662,0
5663,0
5664,0
5665,1
5666,0
5667,1
5668,0
5669,0
5670,0
5671,1
5672,0
5673,0
5674,1
5675,1
5676,1
5677,1
5678,1
5679,0
5680,0
5681,1
5682,0
5683,1
5684,0
5685,1
5686,0
5687,1
5688,1
5689,1
5690,1
5691,1
5692,1
5693,0
5694,1
5695,0
5696,1
5697,1
5698,0
5699,1
5700,1
5701,1
5702,1
5703,1
5704,1
5705,1
5706,1
5707,0
5708,0
5709,0
5710,1
5711,1
5712,0
5713,0
5714,0
5715,0
5716,0
5717,1
5718,1
5719,1
5720,1
5721,0
5722,0
5723,0
5724,1
5725,1
5726,1
5727,0
5728,1
5729,1
5730,0
5731,0
5732,1
5733,1
5734,0
5735,0
5736,1
5737,1
5738,0
5739,0
5740,1
5741,0
5742,1
5743,1
5744,0
5745,0
5746,0
5747,0
5748,1
5749,1
5750,1
5751,1
5752,1
5753,0
5754,1
5755,1
5756,1
5757,0
5758,1
5759,1
5760,1
5761,1
5762,0
5763,0
5764,0
5765,1
5766,1
5767,0
5768,0
5769,1
5770,1
5771,0
5772,0
5773,1
5774,1
5775,0
5776,0
5777,1
5778,1
5779,0
5780,0
5781,0
5782,1
5783,0
5784,1
5785,1
5786,0
5787,1
5788,0
5789,0
5790,1
5791,1
5792,0
5793,1
5794,1
5795,1
5796,1
5797,1
5798,1
5799,0
5800,0
5801,1
5802,1
5803,1
5804,0
5805,0
5806,0
5807,1
5808,0
5809,0
5810,1
5811,1
5812,1
5813,0
5814,0
5815,0
5816,0
5817,1
5818,0
5819,1
5820,1
5821,0
5822,1
5823,1
5824,0
5825,0
5826,0
5827,1
5828,1
5829,0
5830,0
5831,1
5832,1
5833,1
5834,1
5835,1
5836,0
5837,1
5838,0
5839,1
5840,1
5841,1
5842,1
5843,1
5844,0
5845,1
5846,0
5847,1
5848,0
5849,0
5850,1
5851,0
5852,0
5853,0
5854,0
5855,0
5856,0
5857,0
5858,0
5859,1
5860,1
5861,1
5862,0
5863,0
5864,1
5865,0
5866,0
5867,1
5868,0
5869,1
5870,1
5871,1
5872,0
5873,0
5874,1
5875,0
5876,0
5877,1
5878,1
5879,1
5880,1
5881,1
5882,1
5883,1
5884,0
5885,1
5886,1
5887,0
5888,0
5889,1
5890,0
5891,1
5892,1
5893,0
5894,0
5895,1
5896,0
5897,0
5898,1
5899,1
5900,0
5901,0
5902,0
5903,0
5904,0
5905,0
5906,0
5907,1
5908,1
5909,1
5910,0
5911,1
5912,0
5913,1
5914,0
5915,1
5916,1
5917,0
5918,0
5919,0
5920,0
5921,1
5922,1
5923,0
5924,0
5925,0
5926,0
5927,1
5928,0
5929,1
5930,0
5931,1
5932,1
5933,1
5934,0
5935,1
5936,0
5937,0
5938,0
5939,0
5940,0
5941,0
5942,0
5943,1
5944,1
5945,1
5946,1
5947,0
5948,1
5949,1
5950,0
5951,0
5952,1
5953,0
5954,0
5955,0
5956,1
5957,0
5958,1
5959,0
5960,1
5961,1
5962,1
5963,1
5964,0
5965,1
5966,0
5967,1
5968,0
5969,0
5970,1
5971,1
5972,0
5973,1
5974,0
5975,0
5976,0
5977,0
5978,1
5979,1
5980,1
5981,1
5982,0
5983,1
5984,1
5985,0
5986,0
5987,1
5988,1
5989,0
5990,1
5991,0
5992,1
5993,1
5994,0
5995,0
5996,0
5997,0
5998,1
5999,0
6000,0
6001,1
6002,1
6003,1
6004,1
6005,1
6006,0
6007,0
6008,1
6009,0
6010,0
6011,1
6012,1
6013,0
6014,1
6015,1
6016,1
6017,1
6018,0
6019,0
6020,1
6021,1
6022,1
6023,0
6024,1
6025,1
6026,0
6027,0
6028,0
6029,0
6030,1
6031,0
6032,0
6033,0
6034,0
6035,0
6036,1
6037,0
6038,0
6039,1
6040,1
6041,0
6042,0
6043,0
6044,1
6045,0
6046,1
6047,1
6048,1
6049,1
6050,0
6051,0
6052,0
6053,0
6054,1
6055,1
6056,1
6057,0
6058,1
6059,1
6060,1
6061,1
6062,1
6063,0
6064,1
6065,1
6066,0
6067,0
6068,0
6069,1
6070,1
6071,0
6072,0
6073,0
6074,0
6075,1
6076,1
6077,1
6078,0
6079,1
6080,1
6081,0
6082,1
6083,1
6084,1
6085,0
6086,0
6087,0
6088,1
6089,1
6090,0
6091,0
6092,0
6093,1
6094,0
6095,0
6096,0
6097,0
6098,1
6099,0
6100,1
6101,1
6102,0
6103,0
6104,1
6105,1
6106,0
6107,1
6108,0
6109,1
6110,0
6111,1
6112,0
6113,0
6114,1
6115,0
6116,0
6117,0
6118,0
6119,0
6120,1
6121,0
6122,1
6123,0
6124,0
6125,1
6126,0
6127,1
6128,0
6129,1
6130,1
6131,1
6132,1
6133,0
6134,0
6135,1
6136,0
6137,1
6138,0
6139,0
6140,0
6141,0
6142,0
6143,0
6144,0
6145,1
6146,0
6147,1
6148,1
6149,1
6150,0
6151,0
6152,1
6153,1
6154,0
6155,0
6156,1
6157,1
6158,0
6159,1
6160,1
6161,1
6162,0
6163,1
6164,0
6165,0
6166,1
6167,1
6168,0
6169,0
6170,0
6171,0
6172,0
6173,0
6174,1
6175,1
6176,1
6177,1
6178,0
6179,0
6180,1
6181,1
6182,0
6183,0
6184,1
6185,0
6186,1
6187,0
6188,1
6189,0
6190,1
6191,1
6192,0
6193,1
6194,0
6195,0
6196,0
6197,0
6198,1
6199,0
6200,0
6201,1
6202,0
6203,1
6204,1
6205,0
6206,1
6207,1
6208,1
6209,1
6210,1
6211,1
6212,0
6213,0
6214,0
6215,1
6216,0
6217,1
6218,1
6219,1
6220,0
6221,1
6222,0
6223,0
6224,1
6225,1
6226,0
6227,1
6228,1
6229,0
6230,0
6231,1
6232,1
6233,1
6234,0
6235,0
6236,1
6237,1
6238,1
6239,0
6240,1
6241,0
6242,1
6243,1
6244,1
6245,1
6246,1
6247,0
6248,1
6249,0
6250,0
6251,0
6252,1
6253,0
6254,1
6255,0
6256,0
6257,1
6258,0
6259,0
6260,1
6261,0
6262,0
6263,1
6264,0
6265,1
6266,0
6267,0
6268,0
6269,1
6270,1
6271,1
6272,1
6273,1
6274,1
6275,1
6276,0
6277,1
6278,0
6279,1
6280,1
6281,0
6282,1
6283,0
6284,1
6285,1
6286,1
6287,0
6288,1
6289,1
6290,1
6291,1
6292,1
6293,1
6294,1
6295,1
6296,0
6297,0
6298,0
6299,0
6300,0
6301,1
6302,0
6303,0
6304,0
6305,0
6306,0
6307,1
6308,1
6309,0
6310,0
6311,0
6312,1
6313,1
6314,0
6315,1
6316,1
6317,1
6318,0
6319,1
6320,1
6321,1
6322,0
6323,0
6324,0
6325,1
6326,1
6327,0
6328,0
6329,0
6330,0
6331,1
6332,0
6333,0
6334,0
6335,0
6336,1
6337,0
6338,1
6339,0
6340,1
6341,1
6342,0
6343,0
6344,0
6345,0
6346,1
6347,1
6348,0
6349,0
6350,1
6351,1
6352,0
6353,0
6354,1
6355,1
6356,0
6357,0
6358,1
6359,1
6360,0
6361,0
6362,1
6363,1
6364,0
6365,1
6366,0
6367,0
6368,0
6369,0
6370,1
6371,1
6372,1
6373,0
6374,1
6375,0
6376,1
6377,0
6378,0
6379,0
6380,1
6381,0
6382,0
6383,0
6384,0
6385,0
6386,0
6387,0
6388,1
6389,1
6390,1
6391,1
6392,1
6393,0
6394,0
6395,1
6396,1
6397,1
6398,0
6399,0
6400,1
6401,0
6402,1
6403,1
6404,0
6405,1
6406,1
6407,1
6408,0
6409,1
6410,0
6411,0
6412,1
6413,0
6414,1
6415,0
6416,1
6417,0
6418,1
6419,1
6420,0
6421,0
6422,1
6423,1
6424,1
6425,1
6426,0
6427,1
6428,1
6429,0
6430,0
6431,1
6432,1
6433,1
6434,0
6435,1
6436,0
6437,0
6438,1
6439,1
6440,1
6441,1
6442,1
6443,1
6444,1
6445,0
6446,1
6447,1
6448,0
6449,1
6450,0
6451,1
6452,1
6453,0
6454,1
6455,1
6456,0
6457,1
6458,0
6459,0
6460,1
6461,1
6462,1
6463,1
6464,0
6465,0
6466,1
6467,1
6468,0
6469,1
6470,0
6471,0
6472,0
6473,0
6474,0
6475,1
6476,1
6477,1
6478,0
6479,1
6480,0
6481,0
6482,1
6483,0
6484,1
6485,0
6486,0
6487,1
6488,1
6489,1
6490,1
6491,1
6492,0
6493,0
6494,1
6495,0
6496,0
6497,0
6498,1
6499,0
6500,1
6501,0
6502,0
6503,0
6504,1
6505,1
6506,1
6507,1
6508,0
6509,1
6510,1
6511,1
6512,1
6513,1
6514,1
6515,0
6516,0
6517,1
6518,1
6519,1
6520,1
6521,1
6522,1
6523,1
6524,0
6525,1
6526,0
6527,0
6528,0
6529,0
6530,0
6531,1
6532,1
6533,0
6534,0
6535,0
6536,0
6537,0
6538,0
6539,0
6540,0
6541,1
6542,1
6543,0
6544,1
6545,1
6546,1
6547,1
6548,0
6549,1
6550,1
6551,0
6552,0
6553,1
6554,1
6555,0
6556,0
6557,0
6558,0
6559,1
6560,1
6561,1
6562,1
6563,1
6564,1
6565,1
6566,1
6567,0
6568,1
6569,0
6570,0
6571,1
6572,1
6573,1
6574,0
6575,0
6576,0
6577,0
6578,0
6579,1
6580,0
6581,1
6582,0
6583,1
6584,0
6585,0
6586,1
6587,1
6588,1
6589,1
6590,1
6591,0
6592,1
6593,1
6594,0
6595,1
6596,0
6597,1
6598,1
6599,0
6600,1
6601,0
6602,1
6603,0
6604,1
6605,1
6606,1
6607,0
6608,1
6609,0
6610,0
6611,0
6612,0
6613,0
6614,0
6615,1
6616,0
6617,0
6618,1
6619,0
6620,1
6621,0
6622,1
6623,1
6624,1
6625,1
6626,0
6627,0
6628,0
6629,1
6630,1
6631,1
6632,1
6633,0
6634,0
6635,0
6636,0
6637,1
6638,0
6639,0
6640,0
6641,0
6642,0
6643,1
6644,1
6645,0
6646,0
6647,1
6648,1
6649,0
6650,0
6651,1
6652,1
6653,0
6654,0
6655,0
6656,0
6657,1
6658,0
6659,0
6660,0
6661,0
6662,1
6663,1
6664,0
6665,0
6666,1
6667,1
6668,0
6669,1
6670,1
6671,0
6672,0
6673,1
6674,0
6675,0
6676,0
6677,1
6678,1
6679,1
6680,0
6681,1
6682,1
6683,1
6684,0
6685,0
6686,0
6687,0
6688,1
6689,1
6690,1
6691,1
6692,1
6693,0
6694,1
6695,1
6696,0
6697,1
6698,1
6699,1
6700,1
6701,0
6702,0
6703,0
6704,1
6705,0
6706,0
6707,0
6708,1
6709,1
6710,1
6711,1
6712,1
6713,1
6714,0
6715,1
6716,1
6717,0
6718,0
6719,0
6720,1
6721,1
6722,1
6723,0
6724,0
6725,0
6726,0
6727,1
6728,1
6729,1
6730,1
6731,0
6732,0
6733,0
6734,1
6735,1
6736,1
6737,0
6738,1
6739,1
6740,0
6741,1
6742,0
6743,1
6744,1
6745,1
6746,1
6747,1
6748,1
6749,0
6750,0
6751,1
6752,0
6753,1
6754,0
6755,0
6756,1
6757,0
6758,0
6759,0
6760,1
6761,0
6762,1
6763,0
6764,1
6765,0
6766,0
6767,1
6768,1
6769,1
6770,0
6771,0
6772,1
6773,0
6774,0
6775,1
6776,1
6777,0
6778,1
6779,0
6780,0
6781,0
6782,1
6783,0
6784,0
6785,0
6786,1
6787,1
6788,0
6789,0
6790,1
6791,1
6792,1
6793,0
6794,1
6795,0
6796,1
6797,1
6798,1
6799,0
6800,0
6801,1
6802,0
6803,1
6804,1
6805,1
6806,0
6807,1
6808,0
6809,0
6810,1
6811,0
6812,1
6813,0
6814,0
6815,0
6816,1
6817,1
6818,1
6819,1
6820,0
6821,0
6822,0
6823,0
6824,0
6825,0
6826,0
6827,0
6828,0
6829,1
6830,0
6831,0
6832,1
6833,0
6834,0
6835,0
6836,0
6837,0
6838,1
6839,0
6840,0
6841,0
6842,0
6843,1
6844,1
6845,1
6846,1
6847,0
6848,1
6849,0
6850,1
6851,0
6852,0
6853,1
6854,0
6855,1
6856,1
6857,1
6858,0
6859,1
6860,1
6861,0
6862,0
6863,0
6864,1
6865,0
6866,0
6867,1
6868,0
6869,0
6870,0
6871,0
6872,0
6873,0
6874,0
6875,1
6876,1
6877,0
6878,1
6879,0
6880,1
6881,1
6882,0
6883,1
6884,0
6885,1
6886,0
6887,0
6888,1
6889,0
6890,1
6891,1
6892,0
6893,1
6894,0
6895,1
6896,0
6897,1
6898,1
6899,1
6900,0
6901,0
6902,0
6903,0
6904,0
6905,1
6906,1
6907,1
6908,1
6909,0
6910,1
6911,1
6912,0
6913,1
6914,0
6915,0
6916,0
6917,1
6918,0
6919,0
6920,1
6921,0
6922,1
6923,0
6924,0
6925,1
6926,0
6927,1
6928,1
6929,1
6930,1
6931,0
6932,1
6933,1
6934,0
6935,1
6936,0
6937,1
6938,0
6939,0
6940,1
6941,0
6942,0
6943,0
6944,1
6945,1
6946,1
6947,0
6948,1
6949,0
6950,1
6951,0
6952,0
6953,0
6954,0
6955,1
6956,0
6957,0
6958,0
6959,0
6960,0
6961,1
6962,0
6963,1
6964,0
6965,0
6966,0
6967,1
6968,0
6969,1
6970,0
6971,1
6972,1
6973,0
6974,0
6975,0
6976,0
6977,1
6978,1
6979,1
6980,0
6981,1
6982,1
6983,1
6984,1
6985,0
6986,0
6987,0
6988,1
6989,0
6990,1
6991,1
6992,0
6993,0
6994,1
6995,1
6996,1
6997,0
6998,0
6999,0
7000,0
7001,1
7002,1
7003,1
7004,1
7005,0
7006,1
7007,0
7008,1
7009,1
7010,0
7011,0
7012,1
7013,0
7014,0
7015,0
7016,1
7017,1
7018,0
7019,0
7020,0
7021,1
7022,1
7023,0
7024,1
7025,0
7026,1
7027,0
7028,1
7029,1
7030,1
7031,0
7032,0
7033,1
7034,0
7035,1
7036,1
7037,1
7038,1
7039,0
7040,0
7041,0
7042,0
7043,1
7044,1
7045,1
7046,1
7047,0
7048,0
7049,0
7050,0
7051,0
7052,0
7053,0
7054,0
7055,0
7056,1
7057,0
7058,1
7059,1
7060,1
7061,1
7062,0
7063,0
7064,1
7065,1
7066,0
7067,1
7068,1
7069,1
7070,1
7071,1
7072,1
7073,1
7074,1
7075,1
7076,0
7077,0
7078,0
7079,1
7080,0
7081,1
7082,1
7083,0
7084,1
7085,0
7086,1
7087,1
7088,0
7089,1
7090,0
7091,1
7092,1
7093,1
7094,1
7095,1
7096,0
7097,0
7098,1
7099,0
7100,1
7101,0
7102,0
7103,0
7104,1
7105,0
7106,1
7107,0
7108,1
7109,0
7110,0
7111,0
7112,0
7113,1
7114,1
7115,1
7116,1
7117,0
7118,0
7119,0
7120,1
7121,0
7122,0
7123,1
7124,0
7125,0
7126,1
7127,0
7128,0
7129,1
7130,0
7131,0
7132,0
7133,1
7134,0
7135,0
7136,0
7137,0
7138,1
7139,1
7140,0
7141,1
7142,1
7143,0
7144,0
7145,1
7146,0
7147,1
7148,1
7149,1
7150,0
7151,1
7152,0
7153,0
7154,0
7155,1
7156,1
7157,1
7158,1
7159,1
7160,0
7161,1
7162,1
7163,0
7164,1
7165,1
7166,1
7167,1
7168,0
7169,0
7170,1
7171,1
7172,0
7173,0
7174,0
7175,0
7176,0
7177,0
7178,0
7179,1
7180,0
7181,1
7182,1
7183,1
7184,1
7185,1
7186,0
7187,1
7188,1
7189,1
7190,1
7191,0
7192,1
7193,0
7194,1
7195,0
7196,1
7197,1
7198,0
7199,1
7200,0
7201,1
7202,0
7203,0
7204,1
7205,0
7206,0
7207,1
7208,0
7209,0
7210,0
7211,0
7212,1
7213,1
7214,0
7215,1
7216,1
7217,1
7218,0
7219,0
7220,0
7221,1
7222,1
7223,0
7224,0
7225,0
7226,1
7227,0
7228,0
7229,0
7230,0
7231,1
7232,1
7233,0
7234,0
7235,0
7236,0
7237,0
7238,1
7239,0
7240,1
7241,1
7242,1
7243,1
7244,0
7245,0
7246,1
7247,1
7248,1
7249,0
7250,1
7251,0
7252,0
7253,1
7254,1
7255,1
7256,0
7257,1
7258,1
7259,0
7260,0
7261,0
7262,1
7263,1
7264,0
7265,0
7266,0
7267,1
7268,1
7269,0
7270,0
7271,0
7272,1
7273,1
7274,0
7275,0
7276,1
7277,1
7278,1
7279,0
7280,0
7281,0
7282,0
7283,1
7284,0
7285,0
7286,1
7287,1
7288,0
7289,1
7290,1
7291,0
7292,1
7293,0
7294,0
7295,1
7296,0
7297,1
7298,1
7299,0
7300,0
7301,1
7302,1
7303,1
7304,1
7305,0
7306,1
7307,0
7308,0
7309,0
7310,0
7311,1
7312,0
7313,0
7314,1
7315,1
7316,0
7317,1
7318,0
7319,1
7320,1
7321,0
7322,0
7323,0
7324,1
7325,0
7326,1
7327,0
7328,0
7329,0
7330,1
7331,1
7332,1
7333,0
7334,1
7335,1
7336,1
7337,0
7338,1
7339,0
7340,0
7341,1
7342,0
7343,0
7344,1
7345,0
7346,0
7347,1
7348,0
7349,0
7350,0
7351,1
7352,1
7353,1
7354,0
7355,1
7356,0
7357,1
7358,0
7359,0
7360,0
7361,0
7362,1
7363,0
7364,0
7365,0
7366,1
7367,1
7368,0
7369,1
7370,1
7371,1
7372,1
7373,1
7374,0
7375,0
7376,0
7377,1
7378,0
7379,0
7380,0
7381,1
7382,1
7383,0
7384,0
7385,0
7386,0
7387,0
7388,0
7389,1
7390,0
7391,0
7392,1
7393,0
7394,0
7395,0
7396,0
7397,0
7398,1
7399,0
7400,0
7401,0
7402,1
7403,0
7404,0
7405,1
7406,0
7407,0
7408,1
7409,0
7410,1
7411,1
7412,0
7413,0
7414,1
7415,0
7416,1
7417,1
7418,1
7419,1
7420,0
7421,0
7422,1
7423,0
7424,1
7425,1
7426,0
7427,0
7428,1
7429,1
7430,0
7431,1
7432,1
7433,1
7434,0
7435,0
7436,1
7437,1
7438,0
7439,1
7440,1
7441,1
7442,0
7443,0
7444,1
7445,1
7446,0
7447,0
7448,1
7449,0
7450,0
7451,1
7452,0
7453,1
7454,0
7455,1
7456,1
7457,1
7458,0
7459,1
7460,0
7461,1
7462,0
7463,1
7464,0
7465,0
7466,0
7467,1
7468,1
7469,1
7470,1
7471,0
7472,0
7473,0
7474,1
7475,1
7476,1
7477,0
7478,0
7479,1
7480,1
7481,1
7482,1
7483,0
7484,0
7485,1
7486,1
7487,0
7488,0
7489,0
7490,0
7491,1
7492,1
7493,1
7494,1
7495,1
7496,0
7497,0
7498,0
7499,1
7500,0
7501,1
7502,0
7503,0
7504,0
7505,0
7506,0
7507,1
7508,0
7509,0
7510,1
7511,0
7512,1
7513,1
7514,0
7515,0
7516,0
7517,1
7518,0
7519,1
7520,1
7521,1
7522,0
7523,0
7524,1
7525,1
7526,1
7527,1
7528,1
7529,0
7530,0
7531,0
7532,1
7533,1
7534,1
7535,0
7536,1
7537,0
7538,0
7539,0
7540,1
7541,1
7542,1
7543,1
7544,1
7545,1
7546,0
7547,0
7548,0
7549,1
7550,0
7551,0
7552,1
7553,0
7554,0
7555,0
7556,0
7557,1
7558,1
7559,1
7560,1
7561,1
7562,0
7563,1
7564,0
7565,1
7566,0
7567,0
7568,0
7569,0
7570,0
7571,0
7572,0
7573,1
7574,1
7575,0
7576,1
7577,0
7578,1
7579,1
7580,0
7581,1
7582,0
7583,0
7584,0
7585,1
7586,1
7587,0
7588,0
7589,1
7590,0
7591,0
7592,1
7593,1
7594,1
7595,0
7596,0
7597,0
7598,0
7599,1
7600,0
7601,0
7602,1
7603,0
7604,1
7605,0
7606,1
7607,1
7608,0
7609,0
7610,0
7611,1
7612,0
7613,1
7614,0
7615,1
7616,0
7617,0
7618,0
7619,0
7620,0
7621,0
7622,0
7623,0
7624,1
7625,1
7626,1
7627,0
7628,1
7629,1
7630,1
7631,0
7632,1
7633,0
7634,1
7635,1
7636,1
7637,0
7638,0
7639,1
7640,1
7641,1
7642,0
7643,0
7644,0
7645,1
7646,0
7647,0
7648,0
7649,1
7650,0
7651,1
7652,1
7653,0
7654,1
7655,1
7656,1
7657,0
7658,1
7659,1
7660,0
7661,0
7662,0
7663,1
7664,1
7665,1
7666,1
7667,0
7668,1
7669,1
7670,0
7671,1
7672,0
7673,0
7674,0
7675,1
7676,0
7677,1
7678,1
7679,0
7680,1
7681,1
7682,1
7683,1
7684,1
7685,0
7686,0
7687,0
7688,0
7689,1
7690,0
7691,0
7692,1
7693,0
7694,0
7695,0
7696,1
7697,0
7698,0
7699,0
7700,0
7701,0
7702,0
7703,0
7704,1
7705,0
7706,0
7707,1
7708,0
7709,1
7710,0
7711,1
7712,1
7713,1
7714,1
7715,1
7716,1
7717,0
7718,0
7719,0
7720,0
7721,0
7722,0
7723,1
7724,0
7725,1
7726,0
7727,1
7728,1
7729,0
7730,0
7731,1
7732,0
7733,0
7734,1
7735,0
7736,1
7737,0
7738,1
7739,1
7740,1
7741,1
7742,0
7743,0
7744,0
7745,1
7746,0
7747,1
7748,0
7749,1
7750,1
7751,1
7752,1
7753,0
7754,1
7755,0
7756,1
7757,1
7758,1
7759,0
7760,0
7761,1
7762,1
7763,0
7764,0
7765,0
7766,1
7767,0
7768,1
7769,0
7770,1
7771,0
7772,0
7773,0
7774,1
7775,1
7776,0
7777,0
7778,1
7779,0
7780,0
7781,1
7782,0
7783,1
7784,1
7785,0
7786,1
7787,0
7788,0
7789,0
7790,1
7791,1
7792,0
7793,0
7794,0
7795,0
7796,0
7797,0
7798,0
7799,0
7800,1
7801,1
7802,0
7803,0
7804,0
7805,1
7806,0
7807,1
7808,0
7809,0
7810,0
7811,1
7812,0
7813,1
7814,0
7815,0
7816,0
7817,1
7818,0
7819,1
7820,0
7821,0
7822,1
7823,0
7824,0
7825,0
7826,1
7827,0
7828,0
7829,0
7830,0
7831,0
7832,1
7833,1
7834,0
7835,0
7836,0
7837,1
7838,1
7839,0
7840,0
7841,1
7842,0
7843,0
7844,1
7845,0
7846,1
7847,1
7848,0
7849,1
7850,1
7851,0
7852,1
7853,1
7854,0
7855,0
7856,1
7857,1
7858,1
7859,0
7860,0
7861,1
7862,1
7863,0
7864,0
7865,0
7866,1
7867,1
7868,0
7869,1
7870,1
7871,0
7872,0
7873,1
7874,0
7875,1
7876,0
7877,1
7878,0
7879,1
7880,0
7881,1
7882,0
7883,1
7884,0
7885,0
7886,0
7887,1
7888,1
7889,1
7890,0
7891,0
7892,0
7893,1
7894,0
7895,1
7896,1
7897,1
7898,0
7899,0
7900,0
7901,0
7902,1
7903,1
7904,0
7905,1
7906,1
7907,1
7908,1
7909,0
7910,1
7911,1
7912,1
7913,1
7914,1
7915,0
7916,1
7917,0
7918,0
7919,0
7920,1
7921,1
7922,1
7923,0
7924,0
7925,0
7926,1
7927,0
7928,1
7929,0
7930,0
7931,1
7932,0
7933,0
7934,0
7935,0
7936,1
7937,1
7938,0
7939,0
7940,1
7941,1
7942,1
7943,1
7944,1
7945,0
7946,1
7947,0
7948,1
7949,1
7950,0
7951,0
7952,0
7953,1
7954,0
7955,1
7956,0
7957,1
7958,0
7959,1
7960,1
7961,0
7962,0
7963,0
7964,0
7965,1
7966,0
7967,1
7968,1
7969,1
7970,0
7971,0
7972,1
7973,1
7974,1
7975,1
7976,0
7977,1
7978,1
7979,1
7980,0
7981,0
7982,0
7983,1
7984,0
7985,1
7986,1
7987,1
7988,0
7989,1
7990,1
7991,1
7992,1
7993,0
7994,0
7995,0
7996,0
7997,1
7998,0
7999,1
8000,1
8001,0
8002,1
8003,0
8004,1
8005,0
8006,0
8007,1
8008,0
8009,1
8010,0
8011,1
8012,0
8013,0
8014,1
8015,0
8016,1
8017,1
8018,1
8019,0
8020,1
8021,1
8022,0
8023,1
8024,0
8025,1
8026,1
8027,1
8028,1
8029,1
8030,0
8031,1
8032,0
8033,1
8034,1
8035,1
8036,0
8037,0
8038,1
8039,0
8040,0
8041,0
8042,1
8043,1
8044,1
8045,0
8046,1
8047,1
8048,1
8049,0
8050,1
8051,1
8052,1
8053,0
8054,1
8055,0
8056,0
8057,1
8058,1
8059,0
8060,1
8061,1
8062,1
8063,0
8064,0
8065,1
8066,0
8067,0
8068,0
8069,1
8070,1
8071,0
8072,1
8073,0
8074,0
8075,0
8076,1
8077,1
8078,1
8079,0
8080,1
8081,1
8082,1
8083,1
8084,0
8085,1
8086,0
8087,0
8088,1
8089,1
8090,0
8091,1
8092,0
8093,1
8094,1
8095,1
8096,0
8097,0
8098,0
8099,1
8100,1
8101,0
8102,0
8103,1
8104,1
8105,0
8106,0
8107,0
8108,0
8109,1
8110,1
8111,1
8112,1
8113,1
8114,0
8115,0
8116,0
8117,1
8118,0
8119,1
8120,1
8121,0
8122,1
8123,1
8124,1
8125,1
8126,1
8127,1
8128,0
8129,0
8130,0
8131,0
8132,1
8133,0
8134,1
8135,1
8136,1
8137,0
8138,1
8139,1
8140,0
8141,1
8142,1
8143,0
8144,1
8145,0
8146,1
8147,1
8148,1
8149,0
8150,0
8151,1
8152,1
8153,0
8154,0
8155,0
8156,1
8157,1
8158,0
8159,1
8160,1
8161,1
8162,0
8163,1
8164,1
8165,1
8166,1
8167,1
8168,0
8169,1
8170,1
8171,1
8172,1
8173,0
8174,0
8175,0
8176,1
8177,1
8178,1
8179,1
8180,1
8181,0
8182,0
8183,0
8184,1
8185,0
8186,0
8187,0
8188,1
8189,0
8190,1
8191,0
8192,0
8193,1
8194,1
8195,1
8196,0
8197,0
8198,1
8199,0
8200,0
8201,0
8202,1
8203,1
8204,0
8205,0
8206,0
8207,0
8208,0
8209,0
8210,1
8211,0
8212,0
8213,1
8214,1
8215,0
8216,0
8217,0
8218,1
8219,1
8220,1
8221,0
8222,0
8223,1
8224,0
8225,0
8226,0
8227,0
8228,1
8229,1
8230,0
8231,0
8232,0
8233,0
8234,0
8235,0
8236,0
8237,0
8238,0
8239,0
8240,0
8241,0
8242,0
8243,1
8244,0
8245,0
8246,0
8247,1
8248,0
8249,1
8250,1
8251,1
8252,1
8253,0
8254,1
8255,0
8256,0
8257,1
8258,1
8259,1
8260,0
8261,1
8262,1
8263,1
8264,0
8265,0
8266,1
8267,1
8268,0
8269,1
8270,0
8271,1
8272,1
8273,1
8274,1
8275,0
8276,0
8277,1
8278,0
8279,1
8280,1
8281,1
8282,0
8283,1
8284,0
8285,0
8286,0
8287,1
8288,1
8289,1
8290,0
8291,0
8292,0
8293,1
8294,1
8295,1
8296,1
8297,1
8298,0
8299,0
8300,1
8301,0
8302,1
8303,1
8304,0
8305,0
8306,1
8307,0
8308,1
8309,0
8310,1
8311,0
8312,0
8313,1
8314,0
8315,0
8316,1
8317,1
8318,0
8319,0
8320,0
8321,0
8322,0
8323,1
8324,0
8325,1
8326,0
8327,0
8328,0
8329,0
8330,1
8331,0
8332,0
8333,1
8334,1
8335,1
8336,1
8337,0
8338,1
8339,0
8340,0
8341,0
8342,1
8343,0
8344,0
8345,1
8346,1
8347,1
8348,0
8349,0
8350,1
8351,0
8352,0
8353,1
8354,1
8355,0
8356,1
8357,1
8358,1
8359,0
8360,1
8361,1
8362,1
8363,0
8364,1
8365,0
8366,0
8367,1
8368,0
8369,1
8370,0
8371,1
8372,1
8373,0
8374,0
8375,0
8376,0
8377,1
8378,0
8379,1
8380,0
8381,1
8382,0
8383,0
8384,0
8385,1
8386,1
8387,0
8388,1
8389,0
8390,0
8391,1
8392,1
8393,0
8394,0
8395,0
8396,1
8397,1
8398,1
8399,1
8400,1
8401,1
8402,1
8403,1
8404,0
8405,1
8406,1
8407,0
8408,0
8409,1
8410,1
8411,0
8412,0
8413,1
8414,0
8415,1
8416,1
8417,1
8418,0
8419,1
8420,1
8421,1
8422,0
8423,0
8424,0
8425,0
8426,1
8427,0
8428,0
8429,0
8430,1
8431,0
8432,0
8433,1
8434,0
8435,1
8436,1
8437,1
8438,0
8439,1
8440,0
8441,0
8442,1
8443,0
8444,0
8445,1
8446,1
8447,0
8448,0
8449,1
8450,0
8451,0
8452,0
8453,0
8454,0
8455,1
8456,1
8457,0
8458,0
8459,0
8460,0
8461,1
8462,0
8463,0
8464,0
8465,1
8466,0
8467,1
8468,0
8469,1
8470,1
8471,1
8472,1
8473,0
8474,0
8475,1
8476,1
8477,0
8478,0
8479,1
8480,1
8481,0
8482,0
8483,0
8484,0
8485,1
8486,1
8487,1
8488,1
8489,1
8490,0
8491,0
8492,1
8493,0
8494,1
8495,1
8496,1
8497,0
8498,0
8499,1
8500,0
8501,1
8502,0
8503,0
8504,1
8505,0
8506,1
8507,1
8508,1
8509,0
8510,1
8511,0
8512,0
8513,1
8514,1
8515,1
8516,0
8517,0
8518,1
8519,0
8520,1
8521,1
8522,1
8523,1
8524,1
8525,0
8526,0
8527,1
8528,0
8529,0
8530,0
8531,1
8532,0
8533,1
8534,1
8535,1
8536,0
8537,1
8538,1
8539,1
8540,0
8541,1
8542,0
8543,1
8544,1
8545,1
8546,1
8547,1
8548,0
8549,1
8550,1
8551,0
8552,0
8553,1
8554,1
8555,1
8556,0
8557,1
8558,1
8559,1
8560,1
8561,1
8562,1
8563,0
8564,0
8565,0
8566,0
8567,1
8568,1
8569,1
8570,1
8571,1
8572,1
8573,1
8574,0
8575,1
8576,1
8577,0
8578,1
8579,0
8580,0
8581,1
8582,1
8583,1
8584,1
8585,0
8586,0
8587,0
8588,1
8589,0
8590,0
8591,1
8592,0
8593,1
8594,0
8595,1
8596,0
8597,1
8598,1
8599,1
8600,1
8601,0
8602,1
8603,1
8604,1
8605,0
8606,0
8607,0
8608,0
8609,1
8610,0
8611,1
8612,0
8613,1
8614,0
8615,0
8616,0
8617,1
8618,0
8619,1
8620,0
8621,1
8622,1
8623,0
8624,1
8625,1
8626,1
8627,1
8628,1
8629,0
8630,1
8631,1
8632,1
8633,0
8634,1
8635,0
8636,0
8637,1
8638,0
8639,1
8640,0
8641,0
8642,1
8643,1
8644,1
8645,1
8646,1
8647,0
8648,1
8649,1
8650,0
8651,1
8652,0
8653,1
8654,1
8655,0
8656,0
8657,0
8658,1
8659,1
8660,1
8661,1
8662,0
8663,0
8664,1
8665,0
8666,1
8667,0
8668,1
8669,1
8670,1
8671,0
8672,0
8673,0
8674,0
8675,0
8676,0
8677,1
8678,0
8679,1
8680,1
8681,1
8682,1
8683,1
8684,0
8685,0
8686,0
8687,0
8688,0
8689,0
8690,1
8691,0
8692,0
8693,0
8694,0
8695,0
8696,0
8697,0
8698,0
8699,1
8700,1
8701,1
8702,1
8703,1
8704,1
8705,1
8706,0
8707,1
8708,1
8709,1
8710,0
8711,1
8712,0
8713,1
8714,0
8715,0
8716,1
8717,0
8718,0
8719,0
8720,1
8721,0
8722,1
8723,0
8724,1
8725,0
8726,0
8727,1
8728,0
8729,1
8730,0
8731,1
8732,0
8733,0
8734,0
8735,1
8736,1
8737,0
8738,1
8739,0
8740,1
8741,0
8742,0
8743,0
8744,0
8745,0
8746,0
8747,0
8748,0
8749,1
8750,1
8751,0
8752,0
8753,1
8754,1
8755,0
8756,0
8757,1
8758,0
8759,1
8760,1
8761,0
8762,0
8763,1
8764,1
8765,1
8766,0
8767,1
8768,0
8769,0
8770,0
8771,0
8772,1
8773,1
8774,1
8775,1
8776,1
8777,1
8778,1
8779,1
8780,0
8781,1
8782,0
8783,1
8784,1
8785,1
8786,1
8787,0
8788,1
8789,1
8790,1
8791,1
8792,0
8793,1
8794,0
8795,0
8796,0
8797,1
8798,0
8799,0
8800,0
8801,1
8802,0
8803,0
8804,0
8805,1
8806,0
8807,0
8808,1
8809,1
8810,0
8811,0
8812,0
8813,0
8814,1
8815,0
8816,1
8817,0
8818,0
8819,1
8820,1
8821,0
8822,1
8823,0
8824,1
8825,1
8826,1
8827,1
8828,1
8829,1
8830,0
8831,0
8832,1
8833,0
8834,0
8835,0
8836,1
8837,1
8838,1
8839,1
8840,0
8841,0
8842,0
8843,0
8844,1
8845,1
8846,0
8847,1
8848,1
8849,1
8850,1
8851,1
8852,0
8853,0
8854,1
8855,0
8856,0
8857,1
8858,1
8859,0
8860,1
8861,0
8862,0
8863,0
8864,0
8865,1
8866,1
8867,1
8868,0
8869,1
8870,1
8871,0
8872,0
8873,0
8874,0
8875,0
8876,1
8877,1
8878,0
8879,0
8880,1
8881,1
8882,0
8883,1
8884,1
8885,1
8886,0
8887,0
8888,0
8889,0
8890,1
8891,1
8892,0
8893,1
8894,0
8895,1
8896,0
8897,0
8898,0
8899,1
8900,0
8901,0
8902,1
8903,0
8904,1
8905,1
8906,0
8907,1
8908,0
8909,0
8910,0
8911,1
8912,0
8913,0
8914,0
8915,0
8916,1
8917,0
8918,0
8919,0
8920,0
8921,0
8922,0
8923,1
8924,0
8925,0
8926,1
8927,0
8928,1
8929,0
8930,1
8931,0
8932,0
8933,0
8934,0
8935,0
8936,1
8937,0
8938,1
8939,0
8940,0
8941,1
8942,0
8943,0
8944,1
8945,1
8946,1
8947,1
8948,0
8949,1
8950,0
8951,0
8952,1
8953,0
8954,1
8955,1
8956,0
8957,0
8958,1
8959,0
8960,0
8961,1
8962,1
8963,1
8964,0
8965,1
8966,1
8967,0
8968,0
8969,1
8970,0
8971,1
8972,0
8973,0
8974,0
8975,1
8976,1
8977,1
8978,0
8979,0
8980,0
8981,1
8982,1
8983,0
8984,0
8985,0
8986,1
8987,0
8988,0
8989,0
8990,1
8991,0
8992,0
8993,0
8994,0
8995,1
8996,1
8997,1
8998,0
8999,0
9000,0
9001,0
9002,0
9003,0
9004,1
9005,1
9006,0
9007,1
9008,1
9009,1
9010,1
9011,0
9012,1
9013,1
9014,0
9015,1
9016,0
9017,1
9018,1
9019,1
9020,0
9021,1
9022,0
9023,0
9024,1
9025,0
9026,0
9027,1
9028,0
9029,1
9030,1
9031,0
9032,1
9033,1
9034,0
9035,0
9036,1
9037,0
9038,0
9039,1
9040,1
9041,1
9042,1
9043,0
9044,0
9045,1
9046,0
9047,1
9048,1
9049,1
9050,1
9051,0
9052,0
9053,1
9054,0
9055,1
9056,1
9057,0
9058,1
9059,0
9060,0
9061,1
9062,1
9063,0
9064,0
9065,1
9066,1
9067,0
9068,0
9069,0
9070,1
9071,0
9072,1
9073,0
9074,0
9075,1
9076,1
9077,0
9078,1
9079,0
9080,1
9081,1
9082,1
9083,0
9084,1
9085,0
9086,0
9087,0
9088,0
9089,1
9090,1
9091,1
9092,1
9093,0
9094,0
9095,0
9096,1
9097,0
9098,1
9099,0
9100,1
9101,1
9102,0
9103,0
9104,0
9105,1
9106,0
9107,0
9108,1
9109,0
9110,0
9111,0
9112,0
9113,0
9114,1
9115,1
9116,1
9117,0
9118,0
9119,1
9120,1
9121,1
9122,1
9123,0
9124,1
9125,1
9126,0
9127,0
9128,1
9129,1
9130,1
9131,1
9132,1
9133,1
9134,0
9135,0
9136,0
9137,1
9138,1
9139,0
9140,1
9141,1
9142,1
9143,0
9144,1
9145,0
9146,1
9147,1
9148,0
9149,0
9150,0
9151,1
9152,1
9153,1
9154,0
9155,0
9156,0
9157,0
9158,1
9159,1
9160,1
9161,0
9162,1
9163,0
9164,1
9165,0
9166,0
9167,0
9168,1
9169,1
9170,0
9171,1
9172,0
9173,1
9174,0
9175,1
9176,0
9177,1
9178,0
9179,0
9180,0
9181,1
9182,0
9183,1
9184,0
9185,0
9186,0
9187,1
9188,1
9189,0
9190,0
9191,0
9192,0
9193,1
9194,1
9195,1
9196,1
9197,0
9198,0
9199,1
9200,1
9201,1
9202,0
9203,0
9204,0
9205,0
9206,1
9207,1
9208,0
9209,0
9210,1
9211,1
9212,0
9213,0
9214,0
9215,1
9216,1
9217,0
9218,0
9219,0
9220,1
9221,1
9222,1
9223,1
9224,0
9225,1
9226,0
9227,0
9228,0
9229,1
9230,0
9231,1
9232,0
9233,0
9234,0
9235,0
9236,0
9237,1
9238,0
9239,1
9240,1
9241,0
9242,0
9243,0
9244,0
9245,1
9246,1
9247,0
9248,0
9249,0
9250,1
9251,0
9252,0
9253,1
9254,0
9255,0
9256,0
9257,1
9258,0
9259,1
9260,1
9261,0
9262,1
9263,1
9264,0
9265,0
9266,1
9267,0
9268,0
9269,0
9270,1
9271,1
9272,1
9273,0
9274,0
9275,0
9276,1
9277,1
9278,0
9279,1
9280,0
9281,0
9282,1
9283,0
9284,1
9285,0
9286,0
9287,1
9288,0
9289,1
9290,0
9291,1
9292,0
9293,0
9294,0
9295,0
9296,1
9297,1
9298,0
9299,1
9300,0
9301,1
9302,0
9303,0
9304,1
9305,1
9306,0
9307,1
9308,0
9309,1
9310,0
9311,1
9312,1
9313,0
9314,0
9315,1
9316,1
9317,1
9318,0
9319,1
9320,1
9321,0
9322,1
9323,0
9324,1
9325,1
9326,0
9327,0
9328,1
9329,1
9330,0
9331,1
9332,0
9333,0
9334,0
9335,0
9336,1
9337,0
9338,1
9339,0
9340,0
9341,1
9342,0
9343,0
9344,0
9345,1
9346,0
9347,0
9348,0
9349,1
9350,0
9351,0
9352,1
9353,1
9354,0
9355,0
9356,0
9357,0
9358,1
9359,1
9360,0
9361,1
9362,0
9363,1
9364,1
9365,0
9366,0
9367,0
9368,0
9369,0
9370,1
9371,0
9372,0
9373,1
9374,0
9375,1
9376,1
9377,1
9378,1
9379,1
9380,0
9381,0
9382,0
9383,0
9384,1
9385,1
9386,1
9387,1
9388,0
9389,1
9390,1
9391,0
9392,1
9393,1
9394,1
9395,0
9396,1
9397,1
9398,1
9399,0
9400,0
9401,1
9402,1
9403,1
9404,0
9405,1
9406,0
9407,1
9408,1
9409,1
9410,1
9411,1
9412,1
9413,1
9414,1
9415,1
9416,0
9417,0
9418,1
9419,1
9420,1
9421,1
9422,1
9423,0
9424,1
9425,0
9426,1
9427,1
9428,0
9429,1
9430,0
9431,0
9432,0
9433,1
9434,0
9435,1
9436,1
9437,0
9438,0
9439,0
9440,0
9441,1
9442,0
9443,1
9444,0
9445,0
9446,0
9447,1
9448,0
9449,1
9450,1
9451,1
9452,1
9453,0
9454,0
9455,0
9456,1
9457,1
9458,0
9459,0
9460,0
9461,0
9462,0
9463,0
9464,0
9465,1
9466,0
9467,1
9468,1
9469,1
9470,1
9471,0
9472,0
9473,0
9474,1
9475,0
9476,1
9477,1
9478,1
9479,1
9480,0
9481,1
9482,0
9483,1
9484,0
9485,0
9486,0
9487,1
9488,0
9489,1
9490,0
9491,0
9492,1
9493,0
9494,0
9495,1
9496,1
9497,0
9498,0
9499,1
9500,0
9501,1
9502,0
9503,0
9504,0
9505,1
